week_start,channel,spend,impressions,clicks,leads,customers,revenue,profit,campaign_type,region,device,cac,conversion_rate,roi
2024-01-01,Email,9110.35,438375,35070,4208,147,118339.15,36644.52,Awareness,North America,Desktop,61.98,0.0349,12.99
2024-01-01,Referral,9770.32,560102,39207,4312,129,99732.72,36875.18,Acquisition,APAC,Desktop,75.74,0.0299,10.21
2024-01-01,Google,10606.58,642729,32136,2892,72,48701.39,15504.69,Acquisition,APAC,Mobile,147.31,0.0249,4.59
2024-01-01,Facebook,15786.17,867343,34693,2775,55,30462.61,12174.14,Awareness,Europe,Desktop,287.02,0.0198,1.93
2024-01-01,LinkedIn,21003.14,1252308,31307,1565,28,30024.83,12299.63,Awareness,North America,Mobile,750.11,0.0179,1.43
2024-01-08,Email,12924.67,749894,59991,7198,251,206339.17,78826.34,Awareness,APAC,Mobile,51.49,0.0349,15.96
2024-01-08,Referral,10204.08,661555,46308,5093,152,120380.43,49306.53,Retargeting,Europe,Mobile,67.13,0.0298,11.8
2024-01-08,Google,20320.58,1174259,58712,5284,132,92962.59,29736.69,Acquisition,Europe,Desktop,153.94,0.025,4.57
2024-01-08,Facebook,14118.98,929782,37191,2975,59,35569.3,10013.12,Retargeting,Europe,Mobile,239.3,0.0198,2.52
2024-01-08,LinkedIn,18597.37,915503,22887,1144,20,18630.68,7611.56,Awareness,North America,Desktop,929.87,0.0175,1
2024-01-15,Email,9942.56,585846,46867,5624,196,154447.64,63117,Retargeting,North America,Mobile,50.73,0.0349,15.53
2024-01-15,Referral,10510.11,545736,38201,4202,126,104199.58,32223.36,Awareness,North America,Mobile,83.41,0.03,9.91
2024-01-15,Google,13385.1,888572,44428,3998,99,58427.95,15362.87,Awareness,APAC,Desktop,135.2,0.0248,4.37
2024-01-15,Facebook,16133.4,1047841,41913,3353,67,38352.8,9625.83,Awareness,North America,Desktop,240.8,0.02,2.38
2024-01-15,LinkedIn,14752.69,730698,18267,913,16,17087.78,5606.71,Acquisition,North America,Desktop,922.04,0.0175,1.16
2024-01-22,Email,10552.65,734528,58762,7051,246,231670.16,76420.08,Acquisition,Europe,Mobile,42.9,0.0349,21.95
2024-01-22,Referral,10575.01,530343,37124,4083,122,108054.05,36891.96,Acquisition,Europe,Desktop,86.68,0.0299,10.22
2024-01-22,Google,15117.16,1011656,50582,4552,113,68419.69,27284.79,Retargeting,APAC,Desktop,133.78,0.0248,4.53
2024-01-22,Facebook,14720.09,846817,33872,2709,54,31830.62,12242.82,Retargeting,North America,Mobile,272.59,0.0199,2.16
2024-01-22,LinkedIn,24928.38,1161861,29046,1452,26,26015.41,6607.6,Retargeting,APAC,Desktop,958.78,0.0179,1.04
2024-01-29,Email,10289.72,666229,53298,6395,223,200664.02,68338.34,Awareness,North America,Mobile,46.14,0.0349,19.5
2024-01-29,Referral,12953.52,729091,51036,5613,168,137808.63,46653.86,Acquisition,North America,Desktop,77.1,0.0299,10.64
2024-01-29,Google,16017.07,769853,38492,3464,86,63277.88,20704.3,Retargeting,APAC,Mobile,186.24,0.0248,3.95
2024-01-29,Facebook,14312.62,680039,27201,2176,43,24218.9,8895.45,Retargeting,North America,Mobile,332.85,0.0198,1.69
2024-01-29,LinkedIn,22120.51,1384708,34617,1730,31,31717.04,12862.23,Awareness,Europe,Desktop,713.56,0.0179,1.43
2024-02-05,Email,10111.02,532763,42621,5114,178,137771.3,49280.93,Acquisition,APAC,Mobile,56.8,0.0348,13.63
2024-02-05,Referral,9123.18,594646,41625,4578,137,119392.82,37092.88,Acquisition,North America,Mobile,66.59,0.0299,13.09
2024-02-05,Google,12420.76,699833,34991,3149,78,52055.34,19096.83,Acquisition,North America,Mobile,159.24,0.0248,4.19
2024-02-05,Facebook,22938.45,1357132,54285,4342,86,53890.23,16387.36,Retargeting,Europe,Mobile,266.73,0.0198,2.35
2024-02-05,LinkedIn,20079.17,1236728,30918,1545,27,26872.43,10004.87,Awareness,North America,Desktop,743.67,0.0175,1.34
2024-02-12,Email,15549.67,1046984,83758,10050,351,306806.78,119748.1,Retargeting,North America,Mobile,44.3,0.0349,19.73
2024-02-12,Referral,13433.97,850471,59532,6548,196,165069.1,64286.13,Retargeting,APAC,Mobile,68.54,0.0299,12.29
2024-02-12,Google,19967.77,1382287,69114,6220,155,102444.8,35601.72,Acquisition,Europe,Desktop,128.82,0.0249,5.13
2024-02-12,Facebook,21466.05,975542,39021,3121,62,35303.4,9356.91,Awareness,North America,Desktop,346.23,0.0199,1.64
2024-02-12,LinkedIn,16799.6,899053,22476,1123,20,18320.42,5139.15,Retargeting,Europe,Mobile,839.98,0.0178,1.09
2024-02-19,Email,14923.89,819784,65582,7869,275,226077.2,69878.65,Acquisition,North America,Desktop,54.27,0.0349,15.15
2024-02-19,Referral,13959,838296,58680,6454,193,157990.5,60601.68,Acquisition,North America,Desktop,72.33,0.0299,11.32
2024-02-19,Google,14041.7,848195,42409,3816,95,63276.35,26459.74,Acquisition,APAC,Mobile,147.81,0.0249,4.51
2024-02-19,Facebook,25191.08,1609122,64364,5149,102,53407.54,16418.06,Acquisition,APAC,Desktop,246.97,0.0198,2.12
2024-02-19,LinkedIn,23805.19,1333805,33345,1667,30,32373.57,10220.46,Awareness,North America,Mobile,793.51,0.018,1.36
2024-02-26,Email,10246.46,612285,48982,5877,205,187112.88,57715.92,Awareness,APAC,Desktop,49.98,0.0349,18.26
2024-02-26,Referral,11138.66,607867,42550,4680,140,107832.44,38034.11,Awareness,North America,Desktop,79.56,0.0299,9.68
2024-02-26,Google,15816.81,872544,43627,3926,98,66260.94,19138.11,Acquisition,North America,Mobile,161.4,0.025,4.19
2024-02-26,Facebook,15612.98,1010206,40408,3232,64,39032.28,10837.35,Retargeting,North America,Mobile,243.95,0.0198,2.5
2024-02-26,LinkedIn,20663.73,1358769,33969,1698,30,30144.37,8530.22,Acquisition,Europe,Desktop,688.79,0.0177,1.46
2024-03-04,Email,14657.03,749452,59956,7194,251,224829.73,73146.24,Acquisition,Europe,Desktop,58.39,0.0349,15.34
2024-03-04,Referral,8528.11,549633,38474,4232,126,103144.33,35677.79,Acquisition,Europe,Desktop,67.68,0.0298,12.09
2024-03-04,Google,21394.72,1122142,56107,5049,126,73953.07,22268.12,Acquisition,APAC,Desktop,169.8,0.025,3.46
2024-03-04,Facebook,21831.74,1008102,40324,3225,64,39416.17,15300.12,Awareness,Europe,Mobile,341.12,0.0198,1.81
2024-03-04,LinkedIn,21196.98,1456822,36420,1821,32,36788.94,10669.5,Acquisition,Europe,Desktop,662.41,0.0176,1.74
2024-03-11,Email,9220.86,417071,33365,4003,140,120801.84,40229.06,Acquisition,Europe,Desktop,65.86,0.035,13.1
2024-03-11,Referral,10040.42,592358,41465,4561,136,106105,29540.99,Retargeting,Europe,Mobile,73.83,0.0298,10.57
2024-03-11,Google,14860.07,688864,34443,3099,77,52510.34,13902.99,Retargeting,North America,Mobile,192.99,0.0248,3.53
2024-03-11,Facebook,23530.76,1123825,44953,3596,71,39711.92,10406.44,Acquisition,Europe,Mobile,331.42,0.0197,1.69
2024-03-11,LinkedIn,15693.71,1033480,25837,1291,23,20746.84,5938.16,Retargeting,APAC,Mobile,682.34,0.0178,1.32
2024-03-18,Email,11960.02,821976,65758,7890,276,256721.95,76636.36,Retargeting,Europe,Desktop,43.33,0.035,21.47
2024-03-18,Referral,13714.87,681927,47734,5250,157,135055.83,40436.97,Awareness,North America,Mobile,87.36,0.0299,9.85
2024-03-18,Google,19825.16,1006040,50302,4527,113,66121.63,24570.16,Retargeting,Europe,Mobile,175.44,0.025,3.34
2024-03-18,Facebook,23141.45,1081578,43263,3461,69,43378.43,10949.89,Awareness,Europe,Mobile,335.38,0.0199,1.87
2024-03-18,LinkedIn,18242.71,966269,24156,1207,21,21254.85,7576.54,Retargeting,APAC,Mobile,868.7,0.0174,1.17
2024-03-25,Email,15130.1,777783,62222,7466,261,220751.57,87884.78,Awareness,North America,Desktop,57.97,0.035,14.59
2024-03-25,Referral,8573.38,527646,36935,4062,121,97967.12,31929.67,Retargeting,North America,Desktop,70.85,0.0298,11.43
2024-03-25,Google,19728.97,1243702,62185,5596,139,87693.64,34376.09,Retargeting,North America,Mobile,141.94,0.0248,4.44
2024-03-25,Facebook,16341.5,804288,32171,2573,51,27459.52,9637.15,Awareness,APAC,Desktop,320.42,0.0198,1.68
2024-03-25,LinkedIn,14874.18,808275,20206,1010,18,19299.45,7026.34,Retargeting,North America,Desktop,826.34,0.0178,1.3
2024-04-01,Email,14381.88,685429,54834,6580,230,179974.81,45076.35,Awareness,APAC,Mobile,62.53,0.035,12.51
2024-04-01,Referral,8341.5,448038,31362,3449,103,77851.1,28026.55,Awareness,North America,Desktop,80.99,0.0299,9.33
2024-04-01,Google,13899.19,651214,32560,2930,73,48217.8,17100.64,Acquisition,Europe,Mobile,190.4,0.0249,3.47
2024-04-01,Facebook,21333.4,1455482,58219,4657,93,50868.27,16726.75,Acquisition,Europe,Mobile,229.39,0.02,2.38
2024-04-01,LinkedIn,14330.21,855338,21383,1069,19,17392.8,7182.4,Acquisition,Europe,Desktop,754.22,0.0178,1.21
2024-04-08,Email,14818.99,747892,59831,7179,251,204974.33,73625.25,Retargeting,North America,Mobile,59.04,0.035,13.83
2024-04-08,Referral,10738.02,569742,39881,4386,131,110312.32,45189.27,Acquisition,Europe,Desktop,81.97,0.0299,10.27
2024-04-08,Google,15619.37,884256,44212,3979,99,73663.53,20574.69,Awareness,North America,Mobile,157.77,0.0249,4.72
2024-04-08,Facebook,15790.08,1079020,43160,3452,69,37600.22,14799.47,Awareness,APAC,Desktop,228.84,0.02,2.38
2024-04-08,LinkedIn,22467.08,1446024,36150,1807,32,29070.31,10198.93,Acquisition,APAC,Desktop,702.1,0.0177,1.29
2024-04-15,Email,14503.17,710434,56834,6820,238,184299.96,58419.01,Acquisition,Europe,Mobile,60.94,0.0349,12.71
2024-04-15,Referral,11198.98,771175,53982,5938,178,132278.04,54348.41,Retargeting,Europe,Mobile,62.92,0.03,11.81
2024-04-15,Google,22035.87,1128494,56424,5078,126,86865.84,25779.32,Retargeting,North America,Mobile,174.89,0.0248,3.94
2024-04-15,Facebook,21514.52,1416074,56642,4531,90,45444.36,16697.13,Awareness,Europe,Mobile,239.05,0.0199,2.11
2024-04-15,LinkedIn,23396.68,1059104,26477,1323,23,23225.46,9135.84,Awareness,APAC,Desktop,1017.25,0.0174,0.99
2024-04-22,Email,11795.97,561014,44881,5385,188,146277.15,37845.83,Retargeting,Europe,Mobile,62.74,0.0349,12.4
2024-04-22,Referral,12809.48,814305,57001,6270,188,137272.11,39478.22,Awareness,Europe,Desktop,68.14,0.03,10.72
2024-04-22,Google,12965.28,626852,31342,2820,70,51685.6,19987.57,Acquisition,Europe,Mobile,185.22,0.0248,3.99
2024-04-22,Facebook,18755.19,1214869,48594,3887,77,43516.88,11825.04,Retargeting,North America,Mobile,243.57,0.0198,2.32
2024-04-22,LinkedIn,17167.97,933722,23343,1167,21,21513.22,6633.16,Acquisition,North America,Mobile,817.52,0.018,1.25
2024-04-29,Email,9116.82,586324,46905,5628,196,157059.85,40437.22,Awareness,North America,Desktop,46.51,0.0348,17.23
2024-04-29,Referral,13444.27,612589,42881,4716,141,108396.36,29910.63,Awareness,North America,Mobile,95.35,0.0299,8.06
2024-04-29,Google,15775.68,887177,44358,3992,99,73550.84,29019.15,Awareness,Europe,Mobile,159.35,0.0248,4.66
2024-04-29,Facebook,25151.18,1585977,63439,5075,101,52639.97,17116.76,Acquisition,APAC,Mobile,249.02,0.0199,2.09
2024-04-29,LinkedIn,25855.21,1413677,35341,1767,31,32260.47,12468.81,Retargeting,North America,Desktop,834.04,0.0175,1.25
2024-05-06,Email,15535.34,1070606,85648,10277,359,338981.92,124414.35,Retargeting,APAC,Desktop,43.27,0.0349,21.82
2024-05-06,Referral,9695.81,484527,33916,3730,111,100707.03,25493.9,Acquisition,Europe,Desktop,87.35,0.0298,10.39
2024-05-06,Google,16501.66,949277,47463,4271,106,67550.64,18405.35,Retargeting,Europe,Desktop,155.68,0.0248,4.09
2024-05-06,Facebook,19090.55,1256627,50265,4021,80,50458.85,15342.17,Awareness,APAC,Desktop,238.63,0.0199,2.64
2024-05-06,LinkedIn,15508.19,794521,19863,993,17,16255.77,5499.43,Retargeting,APAC,Mobile,912.25,0.0171,1.05
2024-05-13,Email,14746.88,1001849,80147,9617,336,323489.3,95745.02,Awareness,Europe,Mobile,43.89,0.0349,21.94
2024-05-13,Referral,9428.27,433524,30346,3338,100,78108.88,29414.45,Awareness,APAC,Desktop,94.28,0.03,8.28
2024-05-13,Google,18759.49,1211230,60561,5450,136,89622.54,33041.38,Awareness,APAC,Mobile,137.94,0.025,4.78
2024-05-13,Facebook,18957.54,1054510,42180,3374,67,34461.92,11622.3,Acquisition,APAC,Mobile,282.95,0.0199,1.82
2024-05-13,LinkedIn,17533.26,1011805,25295,1264,22,19931.86,6043.63,Awareness,APAC,Mobile,796.97,0.0174,1.14
2024-05-20,Email,11692.19,646774,51741,6208,217,177830.27,44762.03,Awareness,APAC,Mobile,53.88,0.035,15.21
2024-05-20,Referral,11892.73,630039,44102,4851,145,126648.2,36117,Acquisition,APAC,Desktop,82.02,0.0299,10.65
2024-05-20,Google,15202.11,762674,38133,3431,85,52483.15,17638.69,Acquisition,APAC,Desktop,178.85,0.0248,3.45
2024-05-20,Facebook,19557.24,1352304,54092,4327,86,53704.83,21324.07,Awareness,Europe,Mobile,227.41,0.0199,2.75
2024-05-20,LinkedIn,15860.18,970512,24262,1213,21,21114.21,5805.49,Retargeting,North America,Mobile,755.25,0.0173,1.33
2024-05-27,Email,9938.14,514760,41180,4941,172,137782.73,51274.22,Retargeting,North America,Desktop,57.78,0.0348,13.86
2024-05-27,Referral,10816.71,697425,48819,5370,161,124312.4,34521.03,Awareness,Europe,Mobile,67.18,0.03,11.49
2024-05-27,Google,12097.08,682749,34137,3072,76,47773.29,18781.79,Retargeting,North America,Mobile,159.17,0.0247,3.95
2024-05-27,Facebook,18490.6,1167952,46718,3737,74,41819.86,14876.73,Acquisition,Europe,Desktop,249.87,0.0198,2.26
2024-05-27,LinkedIn,12956.46,593722,14843,742,13,14468.64,5299.63,Acquisition,Europe,Mobile,996.65,0.0175,1.12
2024-06-03,Email,13433.17,707523,56601,6792,237,183119.93,74817.76,Awareness,Europe,Mobile,56.68,0.0349,13.63
2024-06-03,Referral,9530.37,614607,43022,4732,141,117740.87,49156.33,Acquisition,Europe,Mobile,67.59,0.0298,12.35
2024-06-03,Google,20976.12,1047444,52372,4713,117,79387.08,32333.96,Acquisition,North America,Mobile,179.28,0.0248,3.78
2024-06-03,Facebook,20611.63,1304872,52194,4175,83,45141.06,17581.74,Retargeting,North America,Mobile,248.33,0.0199,2.19
2024-06-03,LinkedIn,16013.62,911510,22787,1139,20,22113.18,6548.4,Awareness,APAC,Mobile,800.68,0.0176,1.38
2024-06-10,Email,13221.17,748599,59887,7186,251,220685.14,92506.16,Awareness,APAC,Mobile,52.67,0.0349,16.69
2024-06-10,Referral,9521.41,521960,36537,4019,120,103095.38,42211.45,Retargeting,North America,Mobile,79.35,0.0299,10.83
2024-06-10,Google,17062.38,781905,39095,3518,87,50911,13409.91,Awareness,Europe,Mobile,196.12,0.0247,2.98
2024-06-10,Facebook,16207.09,937592,37503,3000,60,34428.48,14025.4,Awareness,North America,Desktop,270.12,0.02,2.12
2024-06-10,LinkedIn,14119.27,718997,17974,898,16,17504.69,7267.11,Retargeting,Europe,Desktop,882.45,0.0178,1.24
2024-06-17,Email,11564.68,748718,59897,7187,251,231421.01,82452.06,Retargeting,APAC,Desktop,46.07,0.0349,20.01
2024-06-17,Referral,7817.47,513661,35956,3955,118,90903.74,34738.08,Retargeting,North America,Desktop,66.25,0.0298,11.63
2024-06-17,Google,17967.96,818511,40925,3683,92,61320.61,18193.63,Acquisition,North America,Mobile,195.3,0.025,3.41
2024-06-17,Facebook,22019.68,1252598,50103,4008,80,50538.95,21054.41,Acquisition,Europe,Mobile,275.25,0.02,2.3
2024-06-17,LinkedIn,18772.87,1206690,30167,1508,27,28763.54,9192.5,Acquisition,North America,Desktop,695.29,0.0179,1.53
2024-06-24,Email,13973.1,670307,53624,6434,225,172839.8,69361.17,Acquisition,North America,Mobile,62.1,0.035,12.37
2024-06-24,Referral,7710.07,539020,37731,4150,124,108803.81,34761.29,Retargeting,North America,Desktop,62.18,0.0299,14.11
2024-06-24,Google,11154,615368,30768,2769,69,49872.88,15585.37,Acquisition,North America,Mobile,161.65,0.0249,4.47
2024-06-24,Facebook,13434.56,908169,36326,2906,58,32917.32,12347.4,Retargeting,APAC,Desktop,231.63,0.02,2.45
2024-06-24,LinkedIn,17776.59,834845,20871,1043,18,18722.43,5737.54,Retargeting,North America,Desktop,987.59,0.0173,1.05
2024-07-01,Email,10014.56,590752,47260,5671,198,179471.31,74716.66,Acquisition,North America,Desktop,50.58,0.0349,17.92
2024-07-01,Referral,9393.97,469107,32837,3612,108,97433.23,27250.06,Retargeting,Europe,Desktop,86.98,0.0299,10.37
2024-07-01,Google,12405.21,623320,31166,2804,70,47764.75,12663.3,Awareness,Europe,Desktop,177.22,0.025,3.85
2024-07-01,Facebook,19841.3,1168060,46722,3737,74,40932.77,14170.01,Acquisition,Europe,Desktop,268.13,0.0198,2.06
2024-07-01,LinkedIn,14342.59,901479,22536,1126,20,19849.72,5903.79,Acquisition,APAC,Mobile,717.13,0.0178,1.38
2024-07-08,Email,9424.64,593056,47444,5693,199,155798.59,60452.42,Retargeting,North America,Mobile,47.36,0.035,16.53
2024-07-08,Referral,10064.9,508339,35583,3914,117,104415.71,39287.89,Awareness,APAC,Mobile,86.02,0.0299,10.37
2024-07-08,Google,11075.5,653007,32650,2938,73,53587.05,16963.06,Retargeting,North America,Mobile,151.72,0.0248,4.84
2024-07-08,Facebook,18612.21,1107343,44293,3543,70,38212.11,9672.15,Retargeting,APAC,Mobile,265.89,0.0198,2.05
2024-07-08,LinkedIn,16792.69,1149656,28741,1437,25,23265.74,6655.04,Acquisition,APAC,Mobile,671.71,0.0174,1.39
2024-07-15,Email,9305.07,545095,43607,5232,183,140791.3,47688.66,Awareness,Europe,Desktop,50.85,0.035,15.13
2024-07-15,Referral,7149.45,401266,28088,3089,92,84630.9,33174.38,Acquisition,North America,Desktop,77.71,0.0298,11.84
2024-07-15,Google,18761.77,1265549,63277,5694,142,105052.75,33159.19,Retargeting,Europe,Desktop,132.13,0.0249,5.6
2024-07-15,Facebook,18719.63,1251643,50065,4005,80,47841.39,19593.9,Awareness,North America,Mobile,234,0.02,2.56
2024-07-15,LinkedIn,12399.65,690476,17261,863,15,14005.49,5676.76,Retargeting,Europe,Desktop,826.64,0.0174,1.13
2024-07-22,Email,10302.58,636883,50950,6114,213,180467.49,52826.86,Acquisition,Europe,Mobile,48.37,0.0348,17.52
2024-07-22,Referral,10735.78,662103,46347,5098,152,116554.46,40791.11,Awareness,APAC,Mobile,70.63,0.0298,10.86
2024-07-22,Google,17280.03,777681,38884,3499,87,56018.87,21029.07,Retargeting,APAC,Mobile,198.62,0.0249,3.24
2024-07-22,Facebook,19067.49,922812,36912,2952,59,29745.52,12372.16,Retargeting,APAC,Desktop,323.18,0.02,1.56
2024-07-22,LinkedIn,19537.15,1290893,32272,1613,29,29508.2,9332.32,Retargeting,APAC,Desktop,673.69,0.018,1.51
2024-07-29,Email,10799.57,581531,46522,5582,195,174175.3,52782.12,Acquisition,North America,Desktop,55.38,0.0349,16.13
2024-07-29,Referral,9741.86,491963,34437,3788,113,92190.29,33632.75,Retargeting,APAC,Desktop,86.21,0.0298,9.46
2024-07-29,Google,14485.12,995080,49754,4477,111,73684.49,29771.37,Awareness,North America,Mobile,130.5,0.0248,5.09
2024-07-29,Facebook,20102.6,1380399,55215,4417,88,48369.6,13877.91,Acquisition,Europe,Desktop,228.44,0.0199,2.41
2024-07-29,LinkedIn,21015.78,1340359,33508,1675,30,34000.32,10332.78,Retargeting,North America,Desktop,700.53,0.0179,1.62
2024-08-05,Email,11326.61,724757,57980,6957,243,231649.64,86622.08,Retargeting,APAC,Mobile,46.61,0.0349,20.45
2024-08-05,Referral,9022.66,409195,28643,3150,94,67810.8,19720.84,Awareness,Europe,Mobile,95.99,0.0298,7.52
2024-08-05,Google,14445.51,920625,46031,4142,103,75927.11,26617.91,Acquisition,Europe,Desktop,140.25,0.0249,5.26
2024-08-05,Facebook,13077.05,886699,35467,2837,56,34594.53,12494.27,Retargeting,North America,Desktop,233.52,0.0197,2.65
2024-08-05,LinkedIn,21449.27,1435939,35898,1794,32,35960.85,13020.4,Acquisition,APAC,Desktop,670.29,0.0178,1.68
2024-08-12,Email,8654.51,511202,40896,4907,171,134438.97,54680.69,Awareness,APAC,Mobile,50.61,0.0348,15.53
2024-08-12,Referral,9186.88,588900,41223,4534,136,114766.36,33220.59,Acquisition,APAC,Mobile,67.55,0.03,12.49
2024-08-12,Google,14583.04,981709,49085,4417,110,80167.12,29575.46,Acquisition,North America,Mobile,132.57,0.0249,5.5
2024-08-12,Facebook,16200.37,922258,36890,2951,59,32836.35,12536.34,Retargeting,APAC,Desktop,274.58,0.02,2.03
2024-08-12,LinkedIn,16372.35,1034636,25865,1293,23,21398.42,7563.29,Acquisition,APAC,Desktop,711.84,0.0178,1.31
2024-08-19,Email,10451.12,648285,51862,6223,217,200688.74,67352.76,Acquisition,APAC,Desktop,48.16,0.0349,19.2
2024-08-19,Referral,11344.56,565007,39550,4350,130,95855.44,29455.46,Acquisition,APAC,Desktop,87.27,0.0299,8.45
2024-08-19,Google,10541.92,590915,29545,2659,66,39219.62,16328.85,Retargeting,North America,Mobile,159.73,0.0248,3.72
2024-08-19,Facebook,17143.58,984480,39379,3150,63,31462.75,11140.74,Retargeting,North America,Mobile,272.12,0.02,1.84
2024-08-19,LinkedIn,11182.3,533355,13333,666,11,11688.19,3542.96,Awareness,APAC,Mobile,1016.57,0.0165,1.05
2024-08-26,Email,11960.74,662702,53016,6361,222,182354.93,54969.19,Awareness,Europe,Mobile,53.88,0.0349,15.25
2024-08-26,Referral,9227.82,528010,36960,4065,121,96993.46,27732.22,Retargeting,APAC,Mobile,76.26,0.0298,10.51
2024-08-26,Google,13368.43,827235,41361,3722,93,63975.93,21023.98,Awareness,APAC,Mobile,143.75,0.025,4.79
2024-08-26,Facebook,17381.99,996038,39841,3187,63,32001.38,8934.4,Retargeting,Europe,Desktop,275.9,0.0198,1.84
2024-08-26,LinkedIn,11386.55,727111,18177,908,16,14482.04,4234.46,Acquisition,Europe,Mobile,711.66,0.0176,1.27
2024-09-02,Email,6956.46,462818,37025,4443,155,123367.12,48402.61,Retargeting,North America,Mobile,44.88,0.0349,17.73
2024-09-02,Referral,8261.15,413215,28925,3181,95,70443.67,22881.63,Awareness,North America,Mobile,86.96,0.0299,8.53
2024-09-02,Google,15710.89,973544,48677,4380,109,64919.85,19622.9,Awareness,Europe,Mobile,144.14,0.0249,4.13
2024-09-02,Facebook,19126.14,1050786,42031,3362,67,38922.1,14890.4,Retargeting,APAC,Mobile,285.46,0.0199,2.04
2024-09-02,LinkedIn,19168.44,1050132,26253,1312,23,25809.99,7506.54,Retargeting,North America,Mobile,833.41,0.0175,1.35
2024-09-09,Email,8009.36,406833,32546,3905,136,130090.46,50965,Awareness,APAC,Mobile,58.89,0.0348,16.24
2024-09-09,Referral,8411.98,460906,32263,3548,106,95728.11,25976.22,Acquisition,North America,Mobile,79.36,0.0299,11.38
2024-09-09,Google,12799.58,722418,36120,3250,81,54214.88,14843.29,Awareness,North America,Mobile,158.02,0.0249,4.24
2024-09-09,Facebook,14732.53,979849,39193,3135,62,35311.72,12967.81,Acquisition,Europe,Mobile,237.62,0.0198,2.4
2024-09-09,LinkedIn,14827.77,819576,20489,1024,18,18623.63,5448.81,Retargeting,APAC,Mobile,823.76,0.0176,1.26
2024-09-16,Email,7562.09,358547,28683,3441,120,92142.28,29659.27,Awareness,Europe,Desktop,63.02,0.0349,12.18
2024-09-16,Referral,7495.88,340794,23855,2624,78,70022.83,20206.71,Acquisition,North America,Desktop,96.1,0.0297,9.34
2024-09-16,Google,15001.83,750639,37531,3377,84,52336.75,17722.04,Acquisition,APAC,Mobile,178.59,0.0249,3.49
2024-09-16,Facebook,14701.83,1015153,40606,3248,64,38041.53,13678.81,Acquisition,North America,Desktop,229.72,0.0197,2.59
2024-09-16,LinkedIn,15373.06,1018929,25473,1273,22,23545.11,9477.64,Retargeting,North America,Mobile,698.78,0.0173,1.53
2024-09-23,Email,10798.72,654001,52320,6278,219,182196.94,62333.15,Retargeting,APAC,Desktop,49.31,0.0349,16.87
2024-09-23,Referral,7393.03,376728,26370,2900,87,77867.12,30956.38,Awareness,North America,Mobile,84.98,0.03,10.53
2024-09-23,Google,14507.72,939522,46976,4227,105,64730.67,19063.05,Awareness,North America,Mobile,138.17,0.0248,4.46
2024-09-23,Facebook,18364.35,1043903,41756,3340,66,39926.18,13922.47,Acquisition,North America,Mobile,278.25,0.0198,2.17
2024-09-23,LinkedIn,14474.56,657478,16436,821,14,13877.35,4115.06,Acquisition,APAC,Mobile,1033.9,0.0171,0.96
2024-09-30,Email,10517.04,607341,48587,5830,204,161685.19,61037.85,Acquisition,North America,Desktop,51.55,0.035,15.37
2024-09-30,Referral,6059.28,378557,26498,2914,87,67040.67,17221.6,Retargeting,Europe,Mobile,69.65,0.0299,11.06
2024-09-30,Google,14181.52,721713,36085,3247,81,59159.16,16642.96,Acquisition,APAC,Desktop,175.08,0.0249,4.17
2024-09-30,Facebook,16864.64,1045654,41826,3346,66,38741.9,15891.81,Retargeting,APAC,Mobile,255.52,0.0197,2.3
2024-09-30,LinkedIn,15024.35,825570,20639,1031,18,17595.66,5748.98,Acquisition,Europe,Desktop,834.69,0.0175,1.17
2024-10-07,Email,11854.72,559730,44778,5373,188,180663.12,59915.16,Awareness,Europe,Desktop,63.06,0.035,15.24
2024-10-07,Referral,7828.3,436510,30555,3361,100,80190.37,25156.06,Awareness,Europe,Mobile,78.28,0.0298,10.24
2024-10-07,Google,14243.98,994027,49701,4473,111,77799.69,21619.38,Retargeting,Europe,Mobile,128.32,0.0248,5.46
2024-10-07,Facebook,11613.62,713531,28541,2283,45,27739.3,9655.97,Retargeting,Europe,Desktop,258.08,0.0197,2.39
2024-10-07,LinkedIn,20281.82,1355892,33897,1694,30,29693.03,7652.87,Acquisition,APAC,Mobile,676.06,0.0177,1.46
2024-10-14,Email,11036.14,573676,45894,5507,192,161893.79,42610.03,Awareness,Europe,Desktop,57.48,0.0349,14.67
2024-10-14,Referral,10702.32,544664,38126,4193,125,112706.46,34106.31,Retargeting,North America,Desktop,85.62,0.0298,10.53
2024-10-14,Google,16794.62,778239,38911,3501,87,60922.33,20741.55,Retargeting,North America,Desktop,193.04,0.0249,3.63
2024-10-14,Facebook,17970.15,998582,39943,3195,63,38119.46,11174.55,Awareness,Europe,Mobile,285.24,0.0197,2.12
2024-10-14,LinkedIn,20364.44,946755,23668,1183,21,23165.39,6975.5,Awareness,Europe,Mobile,969.74,0.0178,1.14
2024-10-21,Email,10129.26,545410,43632,5235,183,152968.45,39228.68,Acquisition,North America,Mobile,55.35,0.035,15.1
2024-10-21,Referral,11264.4,726700,50869,5595,167,129819.54,41336.58,Retargeting,Europe,Desktop,67.45,0.0298,11.52
2024-10-21,Google,9903.75,620171,31008,2790,69,50513.19,16360.38,Retargeting,Europe,Mobile,143.53,0.0247,5.1
2024-10-21,Facebook,15791.3,903103,36124,2889,57,32747.65,12023.93,Acquisition,Europe,Mobile,277.04,0.0197,2.07
2024-10-21,LinkedIn,15300.7,809924,20248,1012,18,19001.82,6859.07,Retargeting,Europe,Mobile,850.04,0.0178,1.24
2024-10-28,Email,10912.29,654581,52366,6283,219,170214.25,65050.06,Awareness,North America,Mobile,49.83,0.0349,15.6
2024-10-28,Referral,8135.67,532590,37281,4100,123,97569.82,34370.26,Awareness,APAC,Desktop,66.14,0.03,11.99
2024-10-28,Google,13629.79,675670,33783,3040,76,46080.51,16153.83,Acquisition,Europe,Mobile,179.34,0.025,3.38
2024-10-28,Facebook,15892.5,1038581,41543,3323,66,39720.01,15254.82,Retargeting,Europe,Desktop,240.8,0.0199,2.5
2024-10-28,LinkedIn,14162.63,644133,16103,805,14,15488.25,4247.85,Awareness,APAC,Desktop,1011.62,0.0174,1.09
2024-11-04,Email,9749.73,636009,50880,6105,213,184242.72,75783.85,Retargeting,Europe,Desktop,45.77,0.0349,18.9
2024-11-04,Referral,8905.63,544960,38147,4196,125,102566,34216.83,Awareness,Europe,Mobile,71.25,0.0298,11.52
2024-11-04,Google,14280.67,785223,39261,3533,88,60703.64,19256.34,Retargeting,APAC,Mobile,162.28,0.0249,4.25
2024-11-04,Facebook,16783.21,1011263,40450,3236,64,33034.97,12716.22,Awareness,North America,Desktop,262.24,0.0198,1.97
2024-11-04,LinkedIn,13727.75,939660,23491,1174,21,23234.78,8564.93,Retargeting,APAC,Desktop,653.7,0.0179,1.69
2024-11-11,Email,10677.16,623625,49890,5986,209,172086.72,57057.27,Retargeting,Europe,Desktop,51.09,0.0349,16.12
2024-11-11,Referral,10523.31,694657,48625,5348,160,125555.5,49289.54,Retargeting,North America,Mobile,65.77,0.0299,11.93
2024-11-11,Google,10380.88,488661,24433,2198,54,37221.58,12291.66,Retargeting,Europe,Mobile,192.24,0.0246,3.59
2024-11-11,Facebook,18311.95,1001964,40078,3206,64,35490.11,9742.15,Awareness,Europe,Mobile,286.12,0.02,1.94
2024-11-11,LinkedIn,17543.49,940176,23504,1175,21,19708.59,5815.54,Acquisition,APAC,Desktop,835.4,0.0179,1.12
2024-11-18,Email,11034.65,627866,50229,6027,210,204997.12,76651.16,Acquisition,APAC,Desktop,52.55,0.0348,18.58
2024-11-18,Referral,11236.63,597578,41830,4601,138,107356.76,31757.93,Retargeting,North America,Mobile,81.42,0.03,9.55
2024-11-18,Google,9333.02,542246,27112,2440,61,40691.39,13806.29,Awareness,APAC,Mobile,153,0.025,4.36
2024-11-18,Facebook,13371.61,725036,29001,2320,46,25451.52,7922.82,Acquisition,APAC,Mobile,290.69,0.0198,1.9
2024-11-18,LinkedIn,15764.12,954969,23874,1193,21,23312.91,8533.68,Retargeting,APAC,Mobile,750.67,0.0176,1.48
2024-11-25,Email,9872.83,517002,41360,4963,173,134183.82,44660.73,Awareness,APAC,Desktop,57.07,0.0349,13.59
2024-11-25,Referral,10389.52,667393,46717,5138,154,118419.52,30600.32,Acquisition,Europe,Mobile,67.46,0.03,11.4
2024-11-25,Google,18020.79,1093690,54684,4921,123,78387.91,22881.53,Awareness,North America,Desktop,146.51,0.025,4.35
2024-11-25,Facebook,17788.72,874558,34982,2798,55,31222.76,10937.95,Acquisition,APAC,Mobile,323.43,0.0197,1.76
2024-11-25,LinkedIn,11579.38,528699,13217,660,11,11932.59,3628.24,Awareness,North America,Desktop,1052.67,0.0167,1.03
2024-12-02,Email,12583.36,767446,61395,7367,257,200274.83,58687.71,Awareness,Europe,Desktop,48.96,0.0349,15.92
2024-12-02,Referral,8485.18,475698,33298,3662,109,92583.44,30923,Awareness,Europe,Mobile,77.85,0.0298,10.91
2024-12-02,Google,11588.06,794146,39707,3573,89,60729.75,25425.21,Acquisition,North America,Mobile,130.2,0.0249,5.24
2024-12-02,Facebook,20135.24,1341387,53655,4292,85,47281.3,17559.9,Retargeting,North America,Mobile,236.89,0.0198,2.35
2024-12-02,LinkedIn,19864.77,1270746,31768,1588,28,31871.78,8261.26,Retargeting,North America,Desktop,709.46,0.0176,1.6
2024-12-09,Email,7731.18,533369,42669,5120,179,159457.89,62079.83,Acquisition,North America,Mobile,43.19,0.035,20.63
2024-12-09,Referral,8548.43,453216,31725,3489,104,88582.75,31529.49,Awareness,Europe,Desktop,82.2,0.0298,10.36
2024-12-09,Google,11176.68,624605,31230,2810,70,45521.6,15835.7,Acquisition,APAC,Desktop,159.67,0.0249,4.07
2024-12-09,Facebook,13237.63,720853,28834,2306,46,27260.94,6908.03,Acquisition,Europe,Mobile,287.77,0.0199,2.06
2024-12-09,LinkedIn,11671.41,580764,14519,725,13,14758.08,4997.02,Awareness,North America,Mobile,897.8,0.0179,1.26
2024-12-16,Email,12864.91,718527,57482,6897,241,231916.94,81252.29,Retargeting,Europe,Mobile,53.38,0.0349,18.03
2024-12-16,Referral,9582.66,477214,33404,3674,110,84147.25,24921.27,Acquisition,Europe,Mobile,87.12,0.0299,8.78
2024-12-16,Google,11069.89,726108,36305,3267,81,52779.5,22084.85,Awareness,Europe,Desktop,136.67,0.0248,4.77
2024-12-16,Facebook,19421.08,1105622,44224,3537,70,36200.07,11025.59,Acquisition,APAC,Desktop,277.44,0.0198,1.86
2024-12-16,LinkedIn,17460.96,1031547,25788,1289,23,24113.7,8650.43,Awareness,Europe,Desktop,759.17,0.0178,1.38
2024-12-23,Email,12201.13,716126,57290,6874,240,214688,56995.64,Awareness,Europe,Mobile,50.84,0.0349,17.6
2024-12-23,Referral,12693.08,677664,47436,5217,156,122466.9,49841.02,Acquisition,North America,Desktop,81.37,0.0299,9.65
2024-12-23,Google,18711.87,1192095,59604,5364,134,97307.19,33202.6,Acquisition,APAC,Desktop,139.64,0.025,5.2
2024-12-23,Facebook,22304.78,1335008,53400,4272,85,51436.78,16332.48,Retargeting,North America,Desktop,262.41,0.0199,2.31
2024-12-23,LinkedIn,16291.69,851543,21288,1064,19,20020.16,8077.57,Acquisition,APAC,Mobile,857.46,0.0179,1.23
2024-12-30,Email,9997.77,628447,50275,6033,211,163907.01,54594.85,Retargeting,APAC,Mobile,47.38,0.035,16.39
2024-12-30,Referral,9601.46,505125,35358,3889,116,99353.84,39154.03,Awareness,North America,Mobile,82.77,0.0298,10.35
2024-12-30,Google,17868.27,1139464,56973,5127,128,80403.32,27917.47,Awareness,North America,Mobile,139.6,0.025,4.5
2024-12-30,Facebook,15844.32,922353,36894,2951,59,31564.05,11580.07,Acquisition,North America,Mobile,268.55,0.02,1.99
2024-12-30,LinkedIn,24234.09,1328297,33207,1660,29,28726.64,8737.57,Awareness,APAC,Mobile,835.66,0.0175,1.19
2025-01-06,Email,10663.72,729014,58321,6998,244,209065.28,71416.55,Retargeting,North America,Mobile,43.7,0.0349,19.61
2025-01-06,Referral,12425.76,781211,54684,6015,180,155888.79,52553.34,Awareness,APAC,Desktop,69.03,0.0299,12.55
2025-01-06,Google,17107.73,880637,44031,3962,99,59037.22,18909.06,Acquisition,North America,Desktop,172.81,0.025,3.45
2025-01-06,Facebook,21004.99,983847,39353,3148,62,32588.93,12294.37,Acquisition,APAC,Mobile,338.79,0.0197,1.55
2025-01-06,LinkedIn,19485.05,1339944,33498,1674,30,31483.47,7950.45,Awareness,APAC,Mobile,649.5,0.0179,1.62
2025-01-13,Email,13048.9,730558,58444,7013,245,202931.68,66461.28,Awareness,North America,Mobile,53.26,0.0349,15.55
2025-01-13,Referral,9322.21,650665,45546,5010,150,109158.5,29670.05,Acquisition,Europe,Mobile,62.15,0.0299,11.71
2025-01-13,Google,19828.87,1293572,64678,5821,145,107630.2,35651.58,Retargeting,North America,Mobile,136.75,0.0249,5.43
2025-01-13,Facebook,15633.23,876662,35066,2805,56,28996.27,12089.92,Retargeting,North America,Desktop,279.16,0.02,1.85
2025-01-13,LinkedIn,20555.72,1201522,30038,1501,27,28769.75,7760.66,Acquisition,APAC,Desktop,761.32,0.018,1.4
2025-01-20,Email,13369.77,647181,51774,6212,217,207408.65,60405.31,Retargeting,Europe,Desktop,61.61,0.0349,15.51
2025-01-20,Referral,8742.23,395838,27708,3047,91,69930.33,25551.98,Awareness,Europe,Desktop,96.07,0.0299,8
2025-01-20,Google,21360.46,1104253,55212,4969,124,89692.85,24947.34,Acquisition,North America,Desktop,172.26,0.025,4.2
2025-01-20,Facebook,24399.05,1435170,57406,4592,91,45358,15995.92,Acquisition,APAC,Mobile,268.12,0.0198,1.86
2025-01-20,LinkedIn,17511.58,879927,21998,1099,19,20786.72,6915.52,Acquisition,North America,Desktop,921.66,0.0173,1.19
2025-01-27,Email,11246.75,677987,54238,6508,227,175800.47,66428.12,Awareness,APAC,Mobile,49.55,0.0349,15.63
2025-01-27,Referral,13307.85,887549,62128,6834,205,166094.12,41957.41,Retargeting,Europe,Mobile,64.92,0.03,12.48
2025-01-27,Google,14339.43,905036,45251,4072,101,63760.45,24096.38,Retargeting,North America,Desktop,141.97,0.0248,4.45
2025-01-27,Facebook,22252.49,1190000,47600,3808,76,45038.41,11626.09,Awareness,North America,Mobile,292.8,0.02,2.02
2025-01-27,LinkedIn,22655.92,1162362,29059,1452,26,25093.36,9028.2,Awareness,North America,Mobile,871.38,0.0179,1.11
2025-02-03,Email,11978.39,717909,57432,6891,241,208560.97,76899.19,Awareness,APAC,Mobile,49.7,0.035,17.41
2025-02-03,Referral,13559.17,701687,49118,5402,162,138281.15,53525.92,Awareness,Europe,Mobile,83.7,0.03,10.2
2025-02-03,Google,21539.07,1239790,61989,5579,139,102027.26,37765.4,Awareness,Europe,Mobile,154.96,0.0249,4.74
2025-02-03,Facebook,21248.25,1079552,43182,3454,69,42669.87,16926.03,Awareness,APAC,Desktop,307.95,0.02,2.01
2025-02-03,LinkedIn,17665.42,1156790,28919,1445,26,24249.54,6777.1,Awareness,Europe,Mobile,679.44,0.018,1.37
2025-02-10,Email,10582.85,481138,38491,4618,161,147086.68,52894.56,Awareness,Europe,Mobile,65.73,0.0349,13.9
2025-02-10,Referral,8231.72,564354,39504,4345,130,119244.24,31606.47,Acquisition,Europe,Desktop,63.32,0.0299,14.49
2025-02-10,Google,17751.12,1084755,54237,4881,122,86387.63,23329.54,Retargeting,North America,Mobile,145.5,0.025,4.87
2025-02-10,Facebook,25013.59,1522987,60919,4873,97,50094.33,18674.28,Retargeting,Europe,Mobile,257.87,0.0199,2
2025-02-10,LinkedIn,14084.33,969930,24248,1212,21,19575.03,7214.74,Retargeting,North America,Mobile,670.68,0.0173,1.39
2025-02-17,Email,11299.74,560537,44842,5381,188,148072.58,61416.2,Acquisition,North America,Desktop,60.1,0.0349,13.1
2025-02-17,Referral,10313.65,529974,37098,4080,122,100203.27,41513.17,Acquisition,APAC,Mobile,84.54,0.0299,9.72
2025-02-17,Google,15708.16,1010020,50501,4545,113,66810.59,21264.97,Retargeting,North America,Desktop,139.01,0.0249,4.25
2025-02-17,Facebook,20784.22,985776,39431,3154,63,32331.31,11803.84,Retargeting,Europe,Desktop,329.91,0.02,1.56
2025-02-17,LinkedIn,14204.36,817094,20427,1021,18,17887.34,6374.98,Awareness,North America,Desktop,789.13,0.0176,1.26
2025-02-24,Email,9773.76,626376,50110,6013,210,183444.09,63224.13,Retargeting,Europe,Mobile,46.54,0.0349,18.77
2025-02-24,Referral,10237.48,488364,34185,3760,112,91985.63,24338.28,Awareness,Europe,Desktop,91.41,0.0298,8.99
2025-02-24,Google,13651.09,834681,41734,3756,93,67190.23,22191.16,Retargeting,APAC,Desktop,146.79,0.0248,4.92
2025-02-24,Facebook,25944.55,1650291,66011,5280,105,62652.78,18300.58,Awareness,APAC,Mobile,247.09,0.0199,2.41
2025-02-24,LinkedIn,26670.99,1254488,31362,1568,28,28250.88,9732.23,Retargeting,APAC,Mobile,952.54,0.0179,1.06
2025-03-03,Email,14293.64,873641,69891,8386,293,238742.37,89378.78,Retargeting,North America,Desktop,48.78,0.0349,16.7
2025-03-03,Referral,8610.48,567097,39696,4366,130,102980.5,36462.88,Awareness,North America,Desktop,66.23,0.0298,11.96
2025-03-03,Google,17042.42,823141,41157,3704,92,68109.67,26294.51,Acquisition,North America,Mobile,185.24,0.0248,4
2025-03-03,Facebook,23829.77,1463290,58531,4682,93,53819.5,17222.4,Acquisition,North America,Desktop,256.23,0.0199,2.26
2025-03-03,LinkedIn,15785,781364,19534,976,17,17142.83,6637.24,Awareness,APAC,Mobile,928.53,0.0174,1.09
2025-03-10,Email,15070.08,707060,56564,6787,237,186662.99,62378.88,Retargeting,Europe,Desktop,63.59,0.0349,12.39
2025-03-10,Referral,12946.65,775153,54260,5968,179,140508.7,35733.21,Awareness,North America,Mobile,72.33,0.03,10.85
2025-03-10,Google,21016.49,1166567,58328,5249,131,88919.54,35425.66,Awareness,APAC,Desktop,160.43,0.025,4.23
2025-03-10,Facebook,17286.45,1112878,44515,3561,71,39372.95,11128.65,Awareness,Europe,Mobile,243.47,0.0199,2.28
2025-03-10,LinkedIn,25547.47,1456679,36416,1820,32,28823.7,8395.66,Awareness,APAC,Desktop,798.36,0.0176,1.13
2025-03-17,Email,11397.23,609607,48768,5852,204,185544.87,48219.91,Acquisition,Europe,Desktop,55.87,0.0349,16.28
2025-03-17,Referral,14809.53,796038,55722,6129,183,141296.35,48461.22,Awareness,APAC,Desktop,80.93,0.0299,9.54
2025-03-17,Google,21355.31,1176448,58822,5293,132,92286.4,31811.23,Retargeting,Europe,Desktop,161.78,0.0249,4.32
2025-03-17,Facebook,20952.29,1197094,47883,3830,76,41318.32,16591.26,Retargeting,Europe,Mobile,275.69,0.0198,1.97
2025-03-17,LinkedIn,15062.93,949600,23740,1187,21,19637.61,6209.33,Acquisition,APAC,Desktop,717.28,0.0177,1.3
2025-03-24,Email,13811.69,877093,70167,8420,294,252906.84,103534.86,Retargeting,Europe,Mobile,46.98,0.0349,18.31
2025-03-24,Referral,12829.03,767237,53706,5907,177,158545.89,49255.62,Retargeting,APAC,Mobile,72.48,0.03,12.36
2025-03-24,Google,21920.12,1058043,52902,4761,119,80663.75,23645.29,Retargeting,North America,Desktop,184.2,0.025,3.68
2025-03-24,Facebook,22018.39,1458288,58331,4666,93,52176.41,20764.64,Acquisition,APAC,Desktop,236.76,0.0199,2.37
2025-03-24,LinkedIn,20946.27,1409026,35225,1761,31,32457.82,13177.16,Awareness,Europe,Desktop,675.69,0.0176,1.55
2025-03-31,Email,11361.21,526122,42089,5050,176,170119.74,61082.06,Acquisition,Europe,Desktop,64.55,0.0349,14.97
2025-03-31,Referral,14891.91,704423,49309,5423,162,124437.8,49665.24,Awareness,APAC,Desktop,91.93,0.0299,8.36
2025-03-31,Google,21541.73,1467033,73351,6601,165,114500.52,46752.32,Retargeting,North America,Desktop,130.56,0.025,5.32
2025-03-31,Facebook,25223.05,1166893,46675,3734,74,43405.02,11380.17,Acquisition,North America,Desktop,340.85,0.0198,1.72
2025-03-31,LinkedIn,21596.68,1052505,26312,1315,23,23397.7,9155.33,Acquisition,APAC,Desktop,938.99,0.0175,1.08
2025-04-07,Email,9182,508616,40689,4882,170,156360.4,60322.47,Retargeting,Europe,Mobile,54.01,0.0348,17.03
2025-04-07,Referral,9769.76,665356,46574,5123,153,133884.66,46545.38,Acquisition,North America,Mobile,63.85,0.0299,13.7
2025-04-07,Google,22252.97,1257927,62896,5660,141,89614.61,29874.01,Retargeting,APAC,Mobile,157.82,0.0249,4.03
2025-04-07,Facebook,16804.7,765910,30636,2450,49,25153.66,9087.66,Retargeting,APAC,Mobile,342.95,0.02,1.5
2025-04-07,LinkedIn,18509.4,1110276,27756,1387,24,27222.87,7578.77,Awareness,APAC,Desktop,771.22,0.0173,1.47
2025-04-14,Email,9730.75,647398,51791,6214,217,203499.31,52030.4,Retargeting,Europe,Desktop,44.84,0.0349,20.91
2025-04-14,Referral,8541.82,448617,31403,3454,103,78784.14,27089.57,Awareness,APAC,Mobile,82.93,0.0298,9.22
2025-04-14,Google,11921.91,625968,31298,2816,70,46991.37,15008.94,Awareness,APAC,Mobile,170.31,0.0249,3.94
2025-04-14,Facebook,17296.98,804816,32192,2575,51,26338.38,8562.98,Awareness,North America,Desktop,339.16,0.0198,1.52
2025-04-14,LinkedIn,19703.2,1118272,27956,1397,25,27308.98,7315.83,Acquisition,North America,Desktop,788.13,0.0179,1.39
2025-04-21,Email,14103.55,893624,71489,8578,300,259500.23,74200.98,Acquisition,APAC,Mobile,47.01,0.035,18.4
2025-04-21,Referral,12688.84,833107,58317,6414,192,166323.65,69554.33,Retargeting,Europe,Desktop,66.09,0.0299,13.11
2025-04-21,Google,15431.01,977602,48880,4399,109,65608.45,25205.89,Acquisition,Europe,Mobile,141.57,0.0248,4.25
2025-04-21,Facebook,22155.41,1352377,54095,4327,86,45047.17,11494.58,Awareness,North America,Mobile,257.62,0.0199,2.03
2025-04-21,LinkedIn,25510.24,1739936,43498,2174,39,40255.85,15222.61,Awareness,North America,Desktop,654.11,0.0179,1.58
2025-04-28,Email,11469.98,701461,56116,6733,235,181510.33,72805.67,Awareness,Europe,Desktop,48.81,0.0349,15.82
2025-04-28,Referral,10554.62,593154,41520,4567,137,121965.13,46573.76,Acquisition,APAC,Mobile,77.04,0.03,11.56
2025-04-28,Google,18861.32,1114325,55716,5014,125,76420.29,23131.51,Acquisition,Europe,Mobile,150.89,0.0249,4.05
2025-04-28,Facebook,18700.26,1209018,48360,3868,77,39401.92,10630.18,Retargeting,Europe,Desktop,242.86,0.0199,2.11
2025-04-28,LinkedIn,21840.25,1063266,26581,1329,23,21619.79,5457.24,Acquisition,APAC,Desktop,949.58,0.0173,0.99
2025-05-05,Email,9047.05,544972,43597,5231,183,154299.08,49477.91,Acquisition,North America,Desktop,49.44,0.035,17.06
2025-05-05,Referral,12837.12,592951,41506,4565,136,124008.36,32517.32,Acquisition,APAC,Mobile,94.39,0.0298,9.66
2025-05-05,Google,20408.03,1307035,65351,5881,147,93856.28,31983.65,Acquisition,North America,Desktop,138.83,0.025,4.6
2025-05-05,Facebook,15181.45,920729,36829,2946,58,32034.37,11398.55,Acquisition,APAC,Mobile,261.75,0.0197,2.11
2025-05-05,LinkedIn,22603.24,1548548,38713,1935,34,35313.36,12431.61,Retargeting,North America,Desktop,664.8,0.0176,1.56
2025-05-12,Email,8998.84,567782,45422,5450,190,181908.3,70079.93,Retargeting,Europe,Mobile,47.36,0.0349,20.21
2025-05-12,Referral,9845.72,501544,35108,3861,115,95115.54,38637.21,Acquisition,North America,Mobile,85.61,0.0298,9.66
2025-05-12,Google,17675.31,863199,43159,3884,97,60003.84,21341.99,Awareness,Europe,Desktop,182.22,0.025,3.39
2025-05-12,Facebook,23476.35,1248408,49936,3994,79,44406.55,18206.41,Awareness,North America,Mobile,297.17,0.0198,1.89
2025-05-12,LinkedIn,23239.09,1619750,40493,2024,36,32472.76,10533.29,Awareness,North America,Desktop,645.53,0.0178,1.4
2025-05-19,Email,14616.79,1022430,81794,9815,343,275558.21,70689.96,Acquisition,North America,Mobile,42.61,0.0349,18.85
2025-05-19,Referral,13043.75,668082,46765,5144,154,124192.59,45150.06,Retargeting,APAC,Desktop,84.7,0.0299,9.52
2025-05-19,Google,11564.3,636453,31822,2863,71,50359.43,20424.78,Acquisition,Europe,Mobile,162.88,0.0248,4.35
2025-05-19,Facebook,21732.7,1490196,59607,4768,95,50513.48,16408.02,Retargeting,APAC,Desktop,228.77,0.0199,2.32
2025-05-19,LinkedIn,21586.04,1421801,35545,1777,31,32227.54,8227.24,Awareness,APAC,Mobile,696.32,0.0174,1.49
2025-05-26,Email,14181.36,802131,64170,7700,269,221758.63,64146.85,Awareness,North America,Mobile,52.72,0.0349,15.64
2025-05-26,Referral,9691.69,598065,41864,4605,138,105657.7,32115.01,Awareness,North America,Desktop,70.23,0.03,10.9
2025-05-26,Google,14559.8,965392,48269,4344,108,72898.73,27121.06,Awareness,North America,Mobile,134.81,0.0249,5.01
2025-05-26,Facebook,13917.84,939682,37587,3006,60,34404.46,10741.74,Acquisition,North America,Mobile,231.96,0.02,2.47
2025-05-26,LinkedIn,16361.88,847987,21199,1059,19,18537.46,6563.99,Acquisition,Europe,Desktop,861.15,0.0179,1.13
2025-06-02,Email,12177.82,611341,48907,5868,205,170932.75,61229.85,Retargeting,APAC,Desktop,59.4,0.0349,14.04
2025-06-02,Referral,12169.24,779762,54583,6004,180,153516.74,44795.04,Acquisition,North America,Desktop,67.61,0.03,12.62
2025-06-02,Google,13498.25,811325,40566,3650,91,65312.62,24781.53,Retargeting,Europe,Desktop,148.33,0.0249,4.84
2025-06-02,Facebook,21003.01,1413818,56552,4524,90,52392.43,15077.99,Retargeting,APAC,Mobile,233.37,0.0199,2.49
2025-06-02,LinkedIn,16964.47,950159,23753,1187,21,22612.38,7912.16,Awareness,Europe,Mobile,807.83,0.0177,1.33
2025-06-09,Email,9679.04,641997,51359,6163,215,176081.24,53197.99,Awareness,North America,Desktop,45.02,0.0349,18.19
2025-06-09,Referral,11380.44,573019,40111,4412,132,106467.27,30194.55,Retargeting,Europe,Desktop,86.22,0.0299,9.36
2025-06-09,Google,10598.34,490472,24523,2207,55,40703.68,11160.49,Acquisition,Europe,Desktop,192.7,0.0249,3.84
2025-06-09,Facebook,21779.24,1381177,55247,4419,88,47157.54,12258.87,Acquisition,North America,Mobile,247.49,0.0199,2.17
2025-06-09,LinkedIn,21520.32,1325831,33145,1657,29,27047.2,9704.22,Retargeting,North America,Mobile,742.08,0.0175,1.26
2025-06-16,Email,8225.47,510899,40871,4904,171,131508.96,48680.46,Acquisition,APAC,Desktop,48.1,0.0349,15.99
2025-06-16,Referral,7826.84,515969,36117,3972,119,86337.64,33825.22,Retargeting,North America,Mobile,65.77,0.03,11.03
2025-06-16,Google,17610.48,864969,43248,3892,97,65663.71,19906.06,Acquisition,Europe,Desktop,181.55,0.0249,3.73
2025-06-16,Facebook,20799.4,1412734,56509,4520,90,55078.68,18545.17,Acquisition,APAC,Desktop,231.1,0.0199,2.65
2025-06-16,LinkedIn,13627.14,762414,19060,953,17,18880.53,6635.17,Awareness,North America,Mobile,801.6,0.0178,1.39
2025-06-23,Email,8026.24,416135,33290,3994,139,123987.47,47843.69,Acquisition,APAC,Desktop,57.74,0.0348,15.45
2025-06-23,Referral,12532.56,799310,55951,6154,184,154183.89,58707.33,Retargeting,APAC,Desktop,68.11,0.0299,12.3
2025-06-23,Google,13718.03,701023,35051,3154,78,54870.25,17632.24,Awareness,North America,Desktop,175.87,0.0247,4
2025-06-23,Facebook,22217.27,1517974,60718,4857,97,51240.71,19763.42,Retargeting,North America,Mobile,229.04,0.02,2.31
2025-06-23,LinkedIn,20931.64,1186283,29657,1482,26,24880.7,7063.37,Retargeting,APAC,Desktop,805.06,0.0175,1.19
2025-06-30,Email,10097.59,459073,36725,4407,154,141525.95,43796.81,Awareness,North America,Mobile,65.57,0.0349,14.02
2025-06-30,Referral,9443.61,656530,45957,5055,151,119478.84,42338.8,Retargeting,APAC,Desktop,62.54,0.0299,12.65
2025-06-30,Google,15829.32,1024103,51205,4608,115,72019.46,27354.24,Acquisition,APAC,Mobile,137.65,0.025,4.55
2025-06-30,Facebook,17169.97,1151733,46069,3685,73,45876.92,14780.5,Awareness,Europe,Desktop,235.21,0.0198,2.67
2025-06-30,LinkedIn,21675.68,1295258,32381,1619,29,27491.11,9588.57,Acquisition,North America,Mobile,747.44,0.0179,1.27
2025-07-07,Email,9430.53,610978,48878,5865,205,161159.07,62831.07,Awareness,North America,Desktop,46,0.035,17.09
2025-07-07,Referral,8515.23,580216,40615,4467,134,106548.92,40364.55,Awareness,APAC,Desktop,63.55,0.03,12.51
2025-07-07,Google,16992.65,873767,43688,3931,98,64436.73,23720.07,Awareness,APAC,Mobile,173.39,0.0249,3.79
2025-07-07,Facebook,13499.47,834845,33393,2671,53,26291.55,8697.24,Awareness,APAC,Desktop,254.71,0.0198,1.95
2025-07-07,LinkedIn,16942.02,1108642,27716,1385,24,24646.71,8239.22,Retargeting,Europe,Desktop,705.92,0.0173,1.45
2025-07-14,Email,8136.16,389947,31195,3743,131,108548.07,44847.91,Awareness,Europe,Mobile,62.11,0.035,13.34
2025-07-14,Referral,11352.09,765139,53559,5891,176,141314.63,35753.98,Awareness,Europe,Desktop,64.5,0.0299,12.45
2025-07-14,Google,11998.87,623205,31160,2804,70,46892.11,15156.91,Retargeting,Europe,Mobile,171.41,0.025,3.91
2025-07-14,Facebook,20877.98,1393260,55730,4458,89,46963.84,12389.15,Awareness,North America,Mobile,234.58,0.02,2.25
2025-07-14,LinkedIn,18997.74,870153,21753,1087,19,17733.65,6502.63,Retargeting,APAC,Mobile,999.88,0.0175,0.93
2025-07-21,Email,12074.95,589986,47198,5663,198,186088.53,63614.37,Retargeting,North America,Desktop,60.98,0.035,15.41
2025-07-21,Referral,10564.98,558485,39093,4300,129,114265.55,40287.86,Acquisition,Europe,Desktop,81.9,0.03,10.82
2025-07-21,Google,14668.47,720785,36039,3243,81,52685.96,16247.47,Retargeting,Europe,Desktop,181.09,0.025,3.59
2025-07-21,Facebook,20868.62,1316243,52649,4211,84,49543.42,20540.05,Awareness,APAC,Mobile,248.44,0.0199,2.37
2025-07-21,LinkedIn,15044.32,1039991,25999,1299,23,23515.81,6325.24,Retargeting,North America,Desktop,654.1,0.0177,1.56
2025-07-28,Email,12793.61,679310,54344,6521,228,199327.51,79640.45,Retargeting,Europe,Mobile,56.11,0.035,15.58
2025-07-28,Referral,11612,664334,46503,5115,153,125545.18,44644.37,Acquisition,Europe,Mobile,75.9,0.0299,10.81
2025-07-28,Google,16967.71,925408,46270,4164,104,73346.61,26163.4,Acquisition,APAC,Mobile,163.15,0.025,4.32
2025-07-28,Facebook,19210.52,1313901,52556,4204,84,46237.3,17130.12,Acquisition,Europe,Mobile,228.7,0.02,2.41
2025-07-28,LinkedIn,17238.89,1101770,27544,1377,24,22263.48,8738.8,Acquisition,North America,Desktop,718.29,0.0174,1.29
2025-08-04,Email,12452.92,586433,46914,5629,197,188432.49,51147.64,Acquisition,Europe,Mobile,63.21,0.035,15.13
2025-08-04,Referral,11200.38,645806,45206,4972,149,124984.32,46292.32,Retargeting,North America,Mobile,75.17,0.03,11.16
2025-08-04,Google,9923.57,464685,23234,2091,52,34326.06,10341.46,Awareness,North America,Desktop,190.84,0.0249,3.46
2025-08-04,Facebook,12803.46,853091,34123,2729,54,30934.86,11478.36,Awareness,North America,Mobile,237.1,0.0198,2.42
2025-08-04,LinkedIn,18145.3,1091858,27296,1364,24,24988.88,9904.55,Awareness,APAC,Desktop,756.05,0.0176,1.38
2025-08-11,Email,9307.26,477857,38228,4587,160,151972.13,49154.51,Acquisition,North America,Mobile,58.17,0.0349,16.33
2025-08-11,Referral,6234.99,357804,25046,2755,82,60683.74,22953.26,Retargeting,APAC,Desktop,76.04,0.0298,9.73
2025-08-11,Google,15306.21,828957,41447,3730,93,54960.8,22189.69,Retargeting,North America,Desktop,164.58,0.0249,3.59
2025-08-11,Facebook,19684.61,1220365,48814,3905,78,47308.21,12703.44,Retargeting,Europe,Desktop,252.37,0.02,2.4
2025-08-11,LinkedIn,14439.28,916845,22921,1146,20,20550.35,5990.82,Retargeting,APAC,Desktop,721.96,0.0175,1.42
2025-08-18,Email,11138.04,690200,55216,6625,231,199923.79,80561.12,Acquisition,North America,Desktop,48.22,0.0349,17.95
2025-08-18,Referral,10726.18,696393,48747,5362,160,131679.35,35846.4,Acquisition,Europe,Desktop,67.04,0.0298,12.28
2025-08-18,Google,16853.26,812852,40642,3657,91,57942.09,15025.18,Acquisition,North America,Mobile,185.2,0.0249,3.44
2025-08-18,Facebook,18308.43,984738,39389,3151,63,32632.5,8343.38,Awareness,APAC,Mobile,290.61,0.02,1.78
2025-08-18,LinkedIn,19517.43,1283778,32094,1604,28,30792.75,9594.37,Retargeting,APAC,Mobile,697.05,0.0175,1.58
2025-08-25,Email,8534.8,469074,37525,4503,157,143444.04,43014.64,Awareness,APAC,Desktop,54.36,0.0349,16.81
2025-08-25,Referral,6409.48,296425,20749,2282,68,50531.57,13245.96,Acquisition,Europe,Mobile,94.26,0.0298,7.88
2025-08-25,Google,12696.15,714167,35708,3213,80,54388.8,16200.66,Acquisition,APAC,Mobile,158.7,0.0249,4.28
2025-08-25,Facebook,14045.29,765857,30634,2450,49,28389.89,10107.27,Awareness,Europe,Desktop,286.64,0.02,2.02
2025-08-25,LinkedIn,11683.13,765960,19149,957,17,17444.73,6987.3,Retargeting,Europe,Desktop,687.24,0.0178,1.49
2025-09-01,Email,8852.99,514889,41191,4942,172,156374.06,46701.37,Awareness,Europe,Desktop,51.47,0.0348,17.66
2025-09-01,Referral,9012.31,422218,29555,3251,97,73234.94,29385.37,Retargeting,North America,Desktop,92.91,0.0298,8.13
2025-09-01,Google,10046.33,566593,28329,2549,63,45186.54,14221.03,Acquisition,North America,Mobile,159.47,0.0247,4.5
2025-09-01,Facebook,16590.04,1076337,43053,3444,68,40969.32,12717.2,Acquisition,North America,Desktop,243.97,0.0197,2.47
2025-09-01,LinkedIn,11111.71,507939,12698,634,11,12331.4,4651.22,Awareness,North America,Mobile,1010.16,0.0174,1.11
2025-09-08,Email,7023.99,354676,28374,3404,119,98863.23,35083.63,Retargeting,North America,Desktop,59.03,0.035,14.08
2025-09-08,Referral,6822.44,347398,24317,2674,80,65640.47,19436.16,Awareness,APAC,Desktop,85.28,0.0299,9.62
2025-09-08,Google,9555.12,610589,30529,2747,68,40864.21,13320.74,Retargeting,North America,Desktop,140.52,0.0248,4.28
2025-09-08,Facebook,15982.86,1027758,41110,3288,65,40469.08,11913.76,Acquisition,North America,Desktop,245.89,0.0198,2.53
2025-09-08,LinkedIn,11456.66,567016,14175,708,12,13710.56,4713.44,Acquisition,North America,Desktop,954.72,0.0169,1.2
2025-09-15,Email,7353.21,394422,31553,3786,132,105142.21,37654.25,Retargeting,APAC,Desktop,55.71,0.0349,14.3
2025-09-15,Referral,9016.55,598759,41913,4610,138,102601.95,37678.1,Acquisition,North America,Desktop,65.34,0.0299,11.38
2025-09-15,Google,11938.75,559915,27995,2519,62,43276.23,12678.47,Retargeting,Europe,Desktop,192.56,0.0246,3.62
2025-09-15,Facebook,17539.29,815544,32621,2609,52,25874.31,10752.56,Awareness,North America,Desktop,337.29,0.0199,1.48
2025-09-15,LinkedIn,17823.26,858660,21466,1073,19,17593.4,6522.31,Acquisition,North America,Desktop,938.07,0.0177,0.99
2025-09-22,Email,9223.66,518681,41494,4979,174,159309.71,56711.61,Awareness,North America,Mobile,53.01,0.0349,17.27
2025-09-22,Referral,10688.59,603547,42248,4647,139,121446.39,42576.9,Retargeting,APAC,Mobile,76.9,0.0299,11.36
2025-09-22,Google,15419.44,757346,37867,3408,85,49802.27,12812.79,Acquisition,North America,Mobile,181.41,0.0249,3.23
2025-09-22,Facebook,11361.81,633227,25329,2026,40,23949.59,8361.45,Awareness,North America,Mobile,284.05,0.0197,2.11
2025-09-22,LinkedIn,18464.1,1218225,30455,1522,27,30440.6,10245.44,Awareness,APAC,Mobile,683.86,0.0177,1.65
2025-09-29,Email,10978.64,732414,58593,7031,246,221615.92,72263.75,Acquisition,North America,Mobile,44.63,0.035,20.19
2025-09-29,Referral,6224.14,281678,19717,2168,65,47088.07,11838.86,Acquisition,Europe,Mobile,95.76,0.03,7.57
2025-09-29,Google,9798.16,445391,22269,2004,50,36310.33,10282.96,Awareness,Europe,Mobile,195.96,0.025,3.71
2025-09-29,Facebook,16835.15,882196,35287,2822,56,32044.44,11905.33,Awareness,North America,Mobile,300.63,0.0198,1.9
2025-09-29,LinkedIn,17690.14,1123033,28075,1403,25,26623.41,7689.75,Awareness,North America,Desktop,707.61,0.0178,1.5
2025-10-06,Email,6863.84,479095,38327,4599,160,128618.39,42436.65,Acquisition,APAC,Mobile,42.9,0.0348,18.74
2025-10-06,Referral,9431.24,659527,46166,5078,152,133157.83,39866.9,Acquisition,Europe,Mobile,62.05,0.0299,14.12
2025-10-06,Google,16197.4,962914,48145,4333,108,72435.91,20083.96,Acquisition,Europe,Desktop,149.98,0.0249,4.47
2025-10-06,Facebook,13671.38,873753,34950,2796,55,30507.62,10523.31,Acquisition,Europe,Desktop,248.57,0.0197,2.23
2025-10-06,LinkedIn,16093.09,813342,20333,1016,18,19604.8,5932.88,Retargeting,APAC,Mobile,894.06,0.0177,1.22
2025-10-13,Email,11569.71,575155,46012,5521,193,180699.15,49187.42,Acquisition,Europe,Desktop,59.95,0.035,15.62
2025-10-13,Referral,10544.7,526975,36888,4057,121,106164.45,34875.78,Retargeting,Europe,Mobile,87.15,0.0298,10.07
2025-10-13,Google,13181.66,626149,31307,2817,70,47646.34,18216.49,Retargeting,North America,Desktop,188.31,0.0248,3.61
2025-10-13,Facebook,12016.72,725789,29031,2322,46,25519.42,8229.88,Awareness,APAC,Mobile,261.23,0.0198,2.12
2025-10-13,LinkedIn,16776.01,767740,19193,959,17,19422.04,7908.66,Acquisition,APAC,Mobile,986.82,0.0177,1.16
2025-10-20,Email,11901.88,804074,64325,7719,270,251890.28,80415.06,Retargeting,APAC,Mobile,44.08,0.035,21.16
2025-10-20,Referral,7490.78,454399,31807,3498,104,92101.03,34102,Awareness,North America,Mobile,72.03,0.0297,12.3
2025-10-20,Google,17245.43,1035582,51779,4660,116,82668.89,30878.72,Awareness,Europe,Mobile,148.67,0.0249,4.79
2025-10-20,Facebook,19831.69,1089773,43590,3487,69,37303.96,13285.89,Awareness,APAC,Mobile,287.42,0.0198,1.88
2025-10-20,LinkedIn,12014.6,806914,20172,1008,18,17437.36,4769.73,Retargeting,North America,Mobile,667.48,0.0179,1.45
2025-10-27,Email,7044.41,400000,32000,3840,134,105894.85,41769.46,Awareness,North America,Mobile,52.57,0.0349,15.03
2025-10-27,Referral,7702.49,454520,31816,3499,104,83157.51,30327.09,Acquisition,APAC,Mobile,74.06,0.0297,10.8
2025-10-27,Google,9329.36,605404,30270,2724,68,42440.88,13932.9,Acquisition,APAC,Mobile,137.2,0.025,4.55
2025-10-27,Facebook,17459.88,1075119,43004,3440,68,38585.07,10275.69,Retargeting,APAC,Desktop,256.76,0.0198,2.21
2025-10-27,LinkedIn,18474.2,1191568,29789,1489,26,26506.2,8563.63,Retargeting,Europe,Mobile,710.55,0.0175,1.43
2025-11-03,Email,11664.18,735386,58830,7059,247,235348.29,83473.8,Retargeting,APAC,Desktop,47.22,0.035,20.18
2025-11-03,Referral,6469.74,382859,26800,2948,88,67634.8,25352.58,Retargeting,APAC,Desktop,73.52,0.0299,10.45
2025-11-03,Google,9751.09,677559,33877,3048,76,48115.9,19152.61,Awareness,Europe,Mobile,128.3,0.0249,4.93
2025-11-03,Facebook,19145.11,1145649,45825,3666,73,41334.45,15557.23,Acquisition,North America,Mobile,262.26,0.0199,2.16
2025-11-03,LinkedIn,14693.23,944651,23616,1180,21,21619.01,7993.54,Retargeting,Europe,Mobile,699.68,0.0178,1.47
2025-11-10,Email,7695.07,371082,29686,3562,124,101173.72,40076.9,Acquisition,North America,Mobile,62.06,0.0348,13.15
2025-11-10,Referral,6835.32,363521,25446,2799,83,62019.86,17153.67,Awareness,APAC,Mobile,82.35,0.0297,9.07
2025-11-10,Google,10063.92,665317,33265,2993,74,53450.09,16354.2,Retargeting,North America,Mobile,136,0.0247,5.31
2025-11-10,Facebook,14950.01,689742,27589,2207,44,22734.85,6214.04,Awareness,APAC,Mobile,339.77,0.0199,1.52
2025-11-10,LinkedIn,19376.62,1136688,28417,1420,25,25138.47,8928.56,Awareness,Europe,Desktop,775.06,0.0176,1.3
2025-11-17,Email,7839.68,415652,33252,3990,139,117770.6,41907.6,Acquisition,North America,Mobile,56.4,0.0348,15.02
2025-11-17,Referral,8606.36,393380,27536,3028,90,77315.02,29942.21,Awareness,APAC,Mobile,95.63,0.0297,8.98
2025-11-17,Google,10092.82,598720,29936,2694,67,43566.51,14069.66,Acquisition,Europe,Desktop,150.64,0.0249,4.32
2025-11-17,Facebook,13495.21,868660,34746,2779,55,34385.11,9183.4,Awareness,APAC,Mobile,245.37,0.0198,2.55
2025-11-17,LinkedIn,18746.28,1033804,25845,1292,23,20879.03,8653.49,Acquisition,Europe,Mobile,815.06,0.0178,1.11
2025-11-24,Email,7836.8,458643,36691,4402,154,147011.78,53747.14,Awareness,APAC,Mobile,50.89,0.035,18.76
2025-11-24,Referral,9463.03,645371,45175,4969,149,120056.79,47766.77,Awareness,APAC,Desktop,63.51,0.03,12.69
2025-11-24,Google,10375.46,707513,35375,3183,79,56756.41,16357.76,Awareness,North America,Desktop,131.33,0.0248,5.47
2025-11-24,Facebook,14004.05,722694,28907,2312,46,28525.47,11571.37,Retargeting,APAC,Mobile,304.44,0.0199,2.04
2025-11-24,LinkedIn,18707.18,1219035,30475,1523,27,26301.44,8856.31,Retargeting,Europe,Mobile,692.86,0.0177,1.41
2025-12-01,Email,9714.67,606168,48493,5819,203,166191.32,68605.39,Awareness,APAC,Desktop,47.86,0.0349,17.11
2025-12-01,Referral,11608.91,680149,47610,5237,157,120521.44,47568.08,Acquisition,Europe,Desktop,73.94,0.03,10.38
2025-12-01,Google,15371.52,829184,41459,3731,93,67166.08,21967.4,Acquisition,Europe,Mobile,165.29,0.0249,4.37
2025-12-01,Facebook,19226.59,1342682,53707,4296,85,50008.26,14473.07,Acquisition,APAC,Mobile,226.2,0.0198,2.6
2025-12-01,LinkedIn,15108.98,925563,23139,1156,20,21784.97,8222.07,Acquisition,Europe,Desktop,755.45,0.0173,1.44
2025-12-08,Email,10051.97,509208,40736,4888,171,131444.58,45707.86,Retargeting,North America,Desktop,58.78,0.035,13.08
2025-12-08,Referral,10096.28,617590,43231,4755,142,128667.96,41536.37,Acquisition,Europe,Mobile,71.1,0.0299,12.74
2025-12-08,Google,17965.5,953538,47676,4290,107,70658.99,22650.68,Acquisition,APAC,Desktop,167.9,0.0249,3.93
2025-12-08,Facebook,17129.33,1164996,46599,3727,74,43996.54,15950.13,Awareness,North America,Mobile,231.48,0.0199,2.57
2025-12-08,LinkedIn,11943.79,712518,17812,890,16,16615.11,5132.89,Retargeting,APAC,Desktop,746.49,0.018,1.39
2025-12-15,Email,8172.69,382006,30560,3667,128,109902.19,32194.12,Awareness,North America,Mobile,63.85,0.0349,13.45
2025-12-15,Referral,8313.96,402615,28183,3100,93,82752.72,29360.79,Acquisition,North America,Desktop,89.4,0.03,9.95
2025-12-15,Google,13156.7,888061,44403,3996,99,58716,18174.49,Retargeting,Europe,Desktop,132.9,0.0248,4.46
2025-12-15,Facebook,13873.24,773865,30954,2476,49,28883.37,8641.27,Retargeting,North America,Desktop,283.13,0.0198,2.08
2025-12-15,LinkedIn,16809.12,834553,20863,1043,18,16699.74,6226.82,Acquisition,Europe,Desktop,933.84,0.0173,0.99
2025-12-22,Email,13373.5,680869,54469,6536,228,191155.61,72256.46,Retargeting,Europe,Mobile,58.66,0.0349,14.29
2025-12-22,Referral,11559.98,621058,43474,4782,143,115940.2,40711.78,Acquisition,APAC,Mobile,80.84,0.0299,10.03
2025-12-22,Google,15179.65,769017,38450,3460,86,58405.27,20347.12,Retargeting,Europe,Mobile,176.51,0.0249,3.85
2025-12-22,Facebook,15725.31,815425,32617,2609,52,26551.91,7152.78,Acquisition,APAC,Mobile,302.41,0.0199,1.69
2025-12-22,LinkedIn,12427.26,809180,20229,1011,18,18969.79,5067.78,Retargeting,Europe,Mobile,690.4,0.0178,1.53
